mes,tickets,ventas_q,tickets_canales_participantes,tickets_identificados,clientes_activos,puntos_perdidos_por_tope,puntos_acumulados,puntos_bienvenida,puntos_migrados,tasa_identificacion,puntos_canjeados,puntos_vencidos
2025-08-01,307,22598.25,272,72,65,10065,40992,65000,9199280,0.2647,139500,0
2025-09-01,3288,260120.50,2936,1606,1011,288196,1029431,975000,8439890,0.547,1893500,0
2025-10-01,4104,326762.25,3674,2147,1277,373046,1361037,697000,196430,0.5844,1894000,0
2025-11-01,4074,317711.00,3657,2182,1303,367520,1365337,408000,0,0.5967,1697000,0
2025-12-01,4270,335741.75,3833,2328,1328,398998,1433383,325000,0,0.6074,1722500,0
2026-01-01,4303,341884.75,3858,2351,1378,434109,1487358,300000,0,0.6094,1658500,0
2026-02-01,4013,323824.75,3599,2169,1326,382396,1357322,233000,0,0.6027,1539000,0
2026-03-01,4620,367691.25,4129,2543,1517,431614,1595876,268000,0,0.6159,1696000,0
2026-04-01,4376,350365.50,3918,2387,1446,432847,1526492,193000,0,0.6092,1530500,0
2026-05-01,4681,377838.25,4137,2535,1494,473386,1579339,212000,0,0.6128,1567000,0
2026-06-01,4539,357642.00,4086,2464,1460,461012,1508984,186000,0,0.603,1371500,0
2026-07-01,4782,387510.00,4290,2647,1537,499259,1686682,192000,0,0.617,1659000,0
2026-08-01,4815,378259.50,4328,2629,1551,470590,1643009,200000,0,0.6074,1597500,3899391
2026-09-01,2915,231266.00,2588,1546,1064,254516,966152,82000,0,0.5974,763500,4197621
