canal,tickets,ticket_promedio_q,pct_tickets_mayores_q100,tickets_identificados,puntos_otorgados,puntos_perdidos_por_tope,participa_en_programa,pct_puntos_perdidos_por_tope
MOSTRADOR,15818,78.20,0.2694,8293,5621832,1143438,True,0.169
AUTOMAC,9740,78.34,0.2678,4814,3268093,718287,True,0.1802
KIOSCO,7805,78.26,0.272,4096,2760345,568535,True,0.1708
MCCAFE,4339,23.12,0.0,2620,606454,3332,True,0.0055
MCDELIVERY,4337,142.68,0.6721,4293,3745956,2381804,True,0.3887
POSTRES,4287,22.05,0.0,2556,562398,3759,True,0.0066
PICKUP,2979,84.38,0.3132,2934,2016316,458399,True,0.1852
PEDIDOSYA,2881,135.54,0.6217,0,0,0,False,
UBEREATS,1464,134.74,0.6189,0,0,0,False,
WHATSAPP,737,81.22,0.289,0,0,0,False,
CALLCENTER,700,79.73,0.2657,0,0,0,False,
